
{
"lancamentos": [{
    "id": "12034",
    "nome": "loja de pao",
    "data": "23/10",
    "valor": 10.50,
    "tipo": "E"
},

{
    "id": "12035",
    "nome": "Dia",
    "data": "20/10",
    "valor": 22.50,
    "tipo": "E"
},
{
    "id": "12032",
    "nome": "loja de carro",
    "data": "23/10",
    "valor": 10.50,
    "tipo": "S"
},
{
    "id": "12033",
    "nome": "Escondidinho",
    "data": "23/10",
    "valor": 450.33,
    "tipo": "E"
},
{
    "id": "12534",
    "nome": "Super Mercado",
    "data": "22/10",
    "valor": 12.50,
    "tipo": "S"
},
{
    "id": "12632",
    "nome": "Farmacia",
    "data": "23/10",
    "valor": 10.50,
    "tipo": "E"
},
{
    "id": "12067",
    "nome": "Extra",
    "data": "23/10",
    "valor": 16.50,
    "tipo": "E"
},
{
    "id": "12067",
    "nome": "Extra",
    "data": "23/10",
    "valor": 16.50,
    "tipo": "E"
},
{
    "id": "12067",
    "nome": "Extra",
    "data": "23/10",
    "valor": 16.50,
    "tipo": "E"
},
{
    "id": "12033",
    "nome": "Escondidinho",
    "data": "23/10",
    "valor": 450.33,
    "tipo": "E"
},
{
    "id": "12534",
    "nome": "Super Mercado",
    "data": "22/10",
    "valor": 12.50,
    "tipo": "S"
},
{
    "id": "12632",
    "nome": "Farmacia",
    "data": "23/10",
    "valor": 10.50,
    "tipo": "E"
}
]
}
